<?xml version="1.0"?>
<doc>
    <assembly>
        <name>Softtek.Utils</name>
    </assembly>
    <members>
        <member name="T:Softtek.Utils.Win.QuickPack.QuickPackExtendMethods">
            <summary>
            Clase extensora de metodos
            </summary>
        </member>
        <member name="M:Softtek.Utils.Win.QuickPack.QuickPackExtendMethods.GetValue``1(System.Windows.Forms.MaskedTextBox)">
            <summary>
            Obtiene el valor del texto enmascarado
            </summary>
            <param name="eventArgs"></param>
            <returns></returns>
        </member>
        <member name="M:Softtek.Utils.Win.QuickPack.QuickPackExtendMethods.SetValue``1(System.Windows.Forms.MaskedTextBox,``0)">
            <summary>
            Metodo extensor para establecer un texto en un MaskedEditBox correctamente
            </summary>
            <typeparam name="T"></typeparam>
            <param name="maskedTextBox"></param>
            <param name="valor"></param>
        </member>
        <member name="T:Softtek.Utils.Win.Spread.SpreadExtendMethods">
            <summary>
            Clase extensora de metodos
            </summary>
        </member>
        <member name="M:Softtek.Utils.Win.Spread.SpreadExtendMethods.GetButtonDown(FarPoint.Win.Spread.EditorNotifyEventArgs)">
            <summary>
            Método extensor para ButtonDown
            </summary>
            <param name="eventArgs"></param>
            <returns></returns>
        </member>
        <member name="M:Softtek.Util.Win.Spread.SpreadWrapper.#ctor(FarPoint.Win.Spread.FpSpread)">
            <summary>
            Crea un encapsulado del Spread Win para obtener la misma funcionalidad que Spread COM
            </summary>
        </member>
        <member name="M:Softtek.Util.Win.Spread.SpreadWrapper.Print">
            <summary>
            Imprime la primera hoja por default
            </summary>
        </member>
        <member name="M:Softtek.Util.Win.Spread.SpreadWrapper.Clear">
            <summary>
            Si el Spread esta en BlockMode limpia las celdas seleccionadas,
            si no se encuentra en BlockMode limpia las celdas seleccionada
            </summary>
        </member>
        <member name="M:Softtek.Util.Win.Spread.SpreadWrapper.DeleteRow">
            <summary>
            Si el Spread esta en BlockMode elimina los registros seleccionados,
            si no se encuentra en BlockMode elimina el registro
            </summary>
        </member>
        <member name="M:Softtek.Util.Win.Spread.SpreadWrapper.get_ColWidth(System.Int32)">
            <summary>
            Regresa el ancho de la columna
            </summary>
            <param name="lCol">Número de la columna. La numeración de la columna comienza desde el 1</param>
            <returns></returns>
        </member>
        <member name="P:Softtek.Util.Win.Spread.SpreadWrapper.Spread">
            <summary>
            Obtiene el Spread Win encapsulado
            </summary>
        </member>
        <member name="P:Softtek.Util.Win.Spread.SpreadWrapper.Sheet">
            <summary>
            Obtiene la hoja por defualt o la primera hoja del spread
            </summary>
        </member>
        <member name="P:Softtek.Util.Win.Spread.SpreadWrapper.Col">
            <summary>
            Obtiene o escribe la columna actual en la que se posicionara la hoja.
            La numeración de las columnas comienza desde el número 1
            </summary>
        </member>
        <member name="P:Softtek.Util.Win.Spread.SpreadWrapper.Row">
            <summary>
            Obtiene o escribe la fila actual en la que se posicionara la hoja
            La numeración de las filas comienza desde el número 1
            </summary>
        </member>
        <member name="P:Softtek.Util.Win.Spread.SpreadWrapper.Col2">
            <summary>
            Obtiene o escribe la columna hasta donde se seleccionara en modo BlockMode la hoja
            La numeración de las filas comienza desde el número 1
            </summary>
        </member>
        <member name="P:Softtek.Util.Win.Spread.SpreadWrapper.Row2">
            <summary>
            Obtiene o escribe la fila hasta donde se seleccionara en modo BlockMode la hoja
            La numeración de las filas comienza desde el número 1
            </summary>
        </member>
        <member name="P:Softtek.Util.Win.Spread.SpreadWrapper.BlockMode">
            <summary>
            Obtiene o escribe la funcionalidad de BlockMode para seleccionar mas de una celda
            </summary>
        </member>
        <member name="P:Softtek.Util.Win.Spread.SpreadWrapper.Text">
            <summary>
            Obtiene o escribe el texto de la celda
            </summary>
        </member>
        <member name="P:Softtek.Util.Win.Spread.SpreadWrapper.Value">
            <summary>
            Obtiene o escribe el valor de la celda
            </summary>
        </member>
        <member name="P:Softtek.Util.Win.Spread.SpreadWrapper.BackColor">
            <summary>
            Asigna o regresa el color de fondo de una celda
            </summary>
        </member>
        <member name="P:Softtek.Util.Win.Spread.SpreadWrapper.Font">
            <summary>
            Asigana o devueleve la fuente de una celda
            </summary>
        </member>
        <member name="P:Softtek.Util.Win.Spread.SpreadWrapper.ForeColor">
            <summary>
            Asigna o regresa el color del texto
            </summary>
        </member>
        <member name="P:Softtek.Util.Win.Spread.SpreadWrapper.Lock">
            <summary>
            Asigna o regresa si la celda esta bloqueada
            </summary>
        </member>
        <member name="P:Softtek.Util.Win.Spread.SpreadWrapper.TypeHAlign">
            <summary>
            Asigna o regresa la alineación horizontal de la celda
            </summary>
        </member>
        <member name="P:Softtek.Util.Win.Spread.SpreadWrapper.CellBorderColor">
            <summary>
            Asigna o regresa el color del borde de una celda
            </summary>
        </member>
        <member name="P:Softtek.Util.Win.Spread.SpreadWrapper.MaxRows">
            <summary>
            Obtiene o asigna el numero maximo de filas de la hoja
            </summary>
        </member>
        <member name="P:Softtek.Util.Win.Spread.SpreadWrapper.MaxCols">
            <summary>
            Obtiene o asigna el numero maximo de Columnas de la hoja
            </summary>
        </member>
        <member name="P:Softtek.Util.Win.Spread.SpreadWrapper.ColsFrozen">
            <summary>
            
            </summary>
        </member>
        <member name="P:Softtek.Util.Win.Spread.SpreadWrapper.RowsFrozen">
            <summary>
            
            </summary>
        </member>
        <member name="P:Softtek.Util.Win.Spread.SpreadWrapper.DataRowCnt">
            <summary>
            Integer number of rows that have data
            </summary>
        </member>
        <member name="P:Softtek.Util.Win.Spread.SpreadWrapper.Enabled">
            <summary>
            Obtiene o asigna la propiedad de Habilitado del Spread
            </summary>
        </member>
        <member name="P:Softtek.Util.Win.Spread.SpreadWrapper.Visible">
            <summary>
            Obtiene o escribe la funcionalidad del componente en ser Visible        
            </summary>
        </member>
        <member name="P:Softtek.Util.Win.Spread.SpreadWrapper.PrintAbortMsg">
            <summary>
            Obtiene o asigna el mensaje de abortar impresión de la hoja
            </summary>
        </member>
        <member name="P:Softtek.Util.Win.Spread.SpreadWrapper.PrintFooter">
            <summary>
            Obtiene o asigna pie de página de la impresión de la hoja
            </summary>
        </member>
        <member name="P:Softtek.Util.Win.Spread.SpreadWrapper.PrintJobName">
            <summary>
            Obtiene o asigna el nombre de la tarea que se colocara en la cola de impresión
            </summary>
        </member>
        <member name="P:Softtek.Util.Win.Spread.SpreadWrapper.PrintMarginLeft">
            <summary>
            Obtiene o asigna el margen izquierdo de la impresión de la hoja
            </summary>
        </member>
        <member name="P:Softtek.Util.Win.Spread.SpreadWrapper.PrintMarginRight">
            <summary>
            Obtiene o asigna el margen derecho de la impresión de la hoja
            </summary>
        </member>
        <member name="P:Softtek.Util.Win.Spread.SpreadWrapper.PrintMarginTop">
            <summary>
            Obtiene o asigna el margen superior de la impresión de la hoja
            </summary>
        </member>
        <member name="P:Softtek.Util.Win.Spread.SpreadWrapper.PrintMarginBottom">
            <summary>
            Obtiene o asigna el margen inferior de la impresión de la hoja
            </summary>
        </member>
        <member name="P:Softtek.Util.Win.Spread.SpreadWrapper.PrintColHeaders">
            <summary>
            Obtiene o asigna si se desea imprimir el encabezado de las columns
            </summary>
        </member>
        <member name="P:Softtek.Util.Win.Spread.SpreadWrapper.PrintBorder">
            <summary>
            Obtiene o asigna si se desea visualizar el borde
            </summary>
        </member>
        <member name="P:Softtek.Util.Win.Spread.SpreadWrapper.PrintColor">
            <summary>
            Obtiene o asigna si se desae realizar una impresión a color de la hoja
            </summary>
        </member>
        <member name="P:Softtek.Util.Win.Spread.SpreadWrapper.PrintGrid">
            <summary>
            Obtiene o asigna si se desea ver los bordes de las tablas de la hoja
            </summary>
        </member>
        <member name="P:Softtek.Util.Win.Spread.SpreadWrapper.PrintPageEnd">
            <summary>
            Obtiene o asigna la última página que se desea imprimir cuando el tipo de impresión es PrintType.PageRange
            </summary>
        </member>
        <member name="P:Softtek.Util.Win.Spread.SpreadWrapper.PrintPageStart">
            <summary>
            Obtiene o asigna la primera página que se desea imprimir cuando el tipo de impresión es PrintType.PageRange
            </summary>
        </member>
        <member name="P:Softtek.Util.Win.Spread.SpreadWrapper.PrintShadows">
            <summary>
            Cuando la propiedad es verdadera coloca un efectio de sobras en las filas y columnas.
            Cuando la propiedad esta en falso la impresión el proceso es mas rápido
            </summary>
        </member>
        <member name="P:Softtek.Util.Win.Spread.SpreadWrapper.PrintUseDataMax">
            <summary>
            Setting this property to true often saves time and paper.
            When this property is set to true, empty cells beyond the columns and rows containing data are not printed. When this property is set to false, what is printed is determined by the setting of the PrintType property.
            This property can override the PrintType property. 
            For example, if you set the Spread component to print columns 0 through 10 and rows 0 through 100, but there is only data in columns 0 through 5 and rows 0 through 50 and the UseMax property is set to true, only columns 0 through 5 and rows 0 through 50 are printed.
            </summary>
        </member>
        <member name="P:Softtek.Util.Win.Spread.SpreadWrapper.PrintHeader">
            <summary>
            String containing the header text, which may include control characters (commands)
            </summary>
        </member>
        <member name="P:Softtek.Util.Win.Spread.SpreadWrapper.PrintType">
            <summary>
            PrintType setting that determines the type of print range
            </summary>
        </member>
        <member name="P:Softtek.Util.Win.Spread.SpreadWrapper.CtlEditMode">
            <summary>
            Obtiene o escribe la funcionalidad de EditMode
            </summary>
        </member>
        <member name="P:Softtek.Util.Win.Spread.SpreadWrapper.EditModeReplace">
            <summary>
            Obtiene o escribe la funcionalidad de EditModeReplace
            </summary>
        </member>
        <member name="P:Softtek.Util.Win.Spread.SpreadWrapper.ColHidden">
            <summary>
            Oculta la columna
            </summary>
        </member>
        <member name="P:Softtek.Util.Win.Spread.SpreadWrapper.TypeComboBoxEditable">
            <summary>
            Obtiene o asigna si la celda de tipo ComboBox esta en estado editable
            </summary>
        </member>
        <member name="P:Softtek.Util.Win.Spread.SpreadWrapper.TypeComboBoxCurSel">
            <summary>
            Obtiene o asigna el elemento seleccionado del ComboBox
            </summary>
        </member>
        <member name="P:Softtek.Util.Win.Spread.SpreadWrapper.TypeComboBoxString">
            <summary>
            Obtiene o asigna el valor de texto del ComboBox
            </summary>
        </member>
        <member name="P:Softtek.Util.Win.Spread.SpreadWrapper.TypeComboBoxIndex">
            <summary>
            Obtiene o asigna el indice de los elementos del ComboBox 
            </summary>
        </member>
        <member name="P:Softtek.Util.Win.Spread.SpreadWrapper.TypeComboBoxList">
            <summary>
            Obtiene o asigna la lista de elementos en el ComboBox, los elementos deben estar separados por un \\t
            </summary>
        </member>
        <member name="P:Softtek.Util.Win.Spread.SpreadWrapper.TypeComboBoxCount">
            <summary>
            Obtiene el número de elementos contenidos en el ComboBox
            </summary>
        </member>
        <member name="P:Softtek.Util.Win.Spread.SpreadWrapper.TypeFloatDecimalPlaces">
            <summary>
            Obtiene o asigna el número de decimales
            </summary>
        </member>
        <member name="P:Softtek.Util.Win.Spread.SpreadWrapper.TypeFloatMax">
            <summary>
            Obtiene o asigna el valor máximo que puede tener la celda
            </summary>
        </member>
        <member name="P:Softtek.Util.Win.Spread.SpreadWrapper.TypeFloatMin">
            <summary>
            Obtiene o asigna el valor mínimo que puede tener la celda
            </summary>
        </member>
        <member name="P:Softtek.Util.Win.Spread.SpreadWrapper.TypeFloatCurrencyChar">
            <summary>
            Obtiene o asigna la cadena del simbolo de moneda
            </summary>
        </member>
        <member name="P:Softtek.Util.Win.Spread.SpreadWrapper.TypeFloatDecimalChar">
            <summary>
            Obtiene o asigna el simbolo de separación de los decimales
            </summary>
        </member>
        <member name="P:Softtek.Util.Win.Spread.SpreadWrapper.TypeFloatSepChar">
            <summary>
            Obtiene o asigna el simbolo de separación de miles
            </summary>
        </member>
        <member name="P:Softtek.Util.Win.Spread.SpreadWrapper.TypeFloatSeparator">
            <summary>
            Obtiene o asigna si se desea ver el simbolo de separación
            </summary>
        </member>
        <member name="P:Softtek.Util.Win.Spread.SpreadWrapper.TypeFloatMoney">
            <summary>
            Obtiene o asigna si se desea ver el caracter de moneda
            </summary>
        </member>
        <member name="P:Softtek.Util.Win.Spread.SpreadWrapper.TypeIntegerMax">
            <summary>
            Obtiene o asigna el valor máximo que puede tener la celda
            </summary>
        </member>
        <member name="P:Softtek.Util.Win.Spread.SpreadWrapper.TypeIntegerMin">
            <summary>
            Obtiene o asigna el valor mínimo que puede tener la celda
            </summary>
        </member>
        <member name="P:Softtek.Util.Win.Spread.SpreadWrapper.TypeSpin">
            <summary>
            Obtiene o asigna si se desea ver el Spin Button
            </summary>
        </member>
        <member name="P:Softtek.Util.Win.Spread.SpreadWrapper.TypePictPicture">
            <summary>
            Obtiene o asigna el valor de la imagen en la celda
            </summary>
        </member>
        <member name="P:Softtek.Util.Win.Spread.SpreadWrapper.TypeButtonText">
            <summary>
            Obtiene o asigna el texto del boton 
            </summary>
        </member>
        <member name="P:Softtek.Util.Win.Spread.SpreadWrapper.TypeEditCharCase">
            <summary>
            Obtiene o asigna el character casing
            </summary>
        </member>
        <member name="P:Softtek.Util.Win.Spread.SpreadWrapper.TypeEditCharSet">
            <summary>
            Obtiene o asigna el tipo de caracteres que se usaran
            </summary>
        </member>
        <member name="P:Softtek.Util.Win.Spread.SpreadWrapper.TypeEditMultiLine">
            <summary>
            Obtiene o asigna si la celda puede contener multiples lineas
            </summary>
        </member>
        <member name="P:Softtek.Util.Win.Spread.SpreadWrapper.TypeEditLen">
            <summary>
            Obtiene o asigna el número maximo de caracteres
            </summary>
        </member>
        <member name="P:Softtek.Util.Win.Spread.SpreadWrapper.TypeMaxEditLen">
            <summary>
            Obtiene o asigna el número maximo de caracteres
            </summary>
        </member>
        <member name="P:Softtek.Util.Win.Spread.SpreadWrapper.TypeDateFormat">
            <summary>
            Obtiene o asigna el formato de la fecha
            </summary>
        </member>
        <member name="P:Softtek.Util.Win.Spread.SpreadWrapper.TypeDateMin">
            <summary>
            Obtiene o asigna la fecha minima
            </summary>
        </member>
        <member name="P:Softtek.Util.Win.Spread.SpreadWrapper.TypeDateMax">
            <summary>
            Obtiene o asigna la fecha maxima
            </summary>
        </member>
        <member name="P:Softtek.Util.Win.Spread.SpreadWrapper.TypeDateSeparator">
            <summary>
            Obtiene o asigna el caracter de separacíon para la fecha
            </summary>
        </member>
        <member name="P:Softtek.Util.Win.Spread.SpreadWrapper.TypeTimeSeparator">
            <summary>
            Obtiene o asigna el caracter de separación para la hora
            </summary>
        </member>
        <member name="P:Softtek.Util.Win.Spread.SpreadWrapper.TypeTimeMin">
            <summary>
            Obtiene o asigna la hora minima
            </summary>
        </member>
        <member name="P:Softtek.Util.Win.Spread.SpreadWrapper.TypeTimeMax">
            <summary>
            Obtiene o asigna la hora maxima
            </summary>
        </member>
        <member name="P:Softtek.Util.Win.Spread.SpreadWrapper.TypeCheckCenter">
            <summary>
            Obtiene o asigna si se quiere tener el checkbox centrado
            </summary>
        </member>
    </members>
</doc>
